{
    "faces":[33,0,1,2,3,0,1,2,3,33,4,7,6,5,4,5,6,7,33,0,4,5,1,0,4,7,1,33,1,5,6,2,1,7,6,2,33,2,6,7,3,2,6,5,3,33,4,0,3,7,4,0,3,5],
    "uvs":[],
    "vertices":[10,-1.77641,-10,10,-1.77641,10,-10,-1.77641,10,-10,-1.77641,-10,9.42912,-2.9238,-21.7929,9.99999,18.2236,10,-10,18.2236,10,-10.5709,-2.9238,-21.7929],
    "name":"CubeGeometry.1",
    "normals":[0.707236,-0.706656,0.02121,0.584429,-0.573748,0.573748,-0.570086,-0.58092,0.58092,-0.682669,-0.729118,0.048006,0.530931,-0.305002,-0.790582,-0.551866,-0.25779,-0.793054,-0.552599,0.731498,0.399396,0.552355,0.737785,0.387951],
    "metadata":{
        "faces":6,
        "generator":"io_three",
        "vertices":8,
        "uvs":0,
        "normals":8,
        "version":3,
        "type":"Geometry"
    }
}